<annotation>
	<folder>61</folder>
	<filename>09_52_45_468.png</filename>
	<path>/Users/lihaoyang/Code/StudyIn2020/courses/机器学习/X-rar annotation/61/09_52_45_468.png</path>
	<source>
		<database>Unknown</database>
	</source>
	<size>
		<width>480</width>
		<height>609</height>
		<depth>3</depth>
	</size>
	<segmented>0</segmented>
	<object>
		<name>Plastic Bottle</name>
		<pose>Unspecified</pose>
		<truncated>0</truncated>
		<difficult>0</difficult>
		<bndbox>
			<xmin>44</xmin>
			<ymin>139</ymin>
			<xmax>253</xmax>
			<ymax>227</ymax>
		</bndbox>
	</object>
</annotation>
