<annotation>
	<folder>61</folder>
	<filename>09_54_48_265.png</filename>
	<path>/Users/lihaoyang/Code/StudyIn2020/courses/机器学习/X-rar annotation/61/09_54_48_265.png</path>
	<source>
		<database>Unknown</database>
	</source>
	<size>
		<width>532</width>
		<height>647</height>
		<depth>3</depth>
	</size>
	<segmented>0</segmented>
	<object>
		<name>Plastic Bottle</name>
		<pose>Unspecified</pose>
		<truncated>0</truncated>
		<difficult>0</difficult>
		<bndbox>
			<xmin>84</xmin>
			<ymin>117</ymin>
			<xmax>272</xmax>
			<ymax>203</ymax>
		</bndbox>
	</object>
</annotation>
