<annotation>
	<folder>61</folder>
	<filename>09_51_43_250.png</filename>
	<path>/Users/lihaoyang/Code/StudyIn2020/courses/机器学习/X-rar annotation/61/09_51_43_250.png</path>
	<source>
		<database>Unknown</database>
	</source>
	<size>
		<width>595</width>
		<height>526</height>
		<depth>3</depth>
	</size>
	<segmented>0</segmented>
	<object>
		<name>Glass Bottle</name>
		<pose>Unspecified</pose>
		<truncated>0</truncated>
		<difficult>0</difficult>
		<bndbox>
			<xmin>300</xmin>
			<ymin>61</ymin>
			<xmax>503</xmax>
			<ymax>276</ymax>
		</bndbox>
	</object>
	<object>
		<name>Glass Bottle</name>
		<pose>Unspecified</pose>
		<truncated>0</truncated>
		<difficult>0</difficult>
		<bndbox>
			<xmin>195</xmin>
			<ymin>383</ymin>
			<xmax>366</xmax>
			<ymax>479</ymax>
		</bndbox>
	</object>
</annotation>
