<annotation>
	<folder>61</folder>
	<filename>09_52_16_562.png</filename>
	<path>/Users/lihaoyang/Code/StudyIn2020/courses/机器学习/X-rar annotation/61/09_52_16_562.png</path>
	<source>
		<database>Unknown</database>
	</source>
	<size>
		<width>504</width>
		<height>666</height>
		<depth>3</depth>
	</size>
	<segmented>0</segmented>
	<object>
		<name>Glass Bottle</name>
		<pose>Unspecified</pose>
		<truncated>0</truncated>
		<difficult>0</difficult>
		<bndbox>
			<xmin>13</xmin>
			<ymin>359</ymin>
			<xmax>192</xmax>
			<ymax>478</ymax>
		</bndbox>
	</object>
</annotation>
