<annotation>
	<folder>61</folder>
	<filename>09_51_44_015.png</filename>
	<path>/Users/lihaoyang/Code/StudyIn2020/courses/机器学习/X-rar annotation/61/09_51_44_015.png</path>
	<source>
		<database>Unknown</database>
	</source>
	<size>
		<width>572</width>
		<height>694</height>
		<depth>3</depth>
	</size>
	<segmented>0</segmented>
	<object>
		<name>Plastic Bottle</name>
		<pose>Unspecified</pose>
		<truncated>0</truncated>
		<difficult>0</difficult>
		<bndbox>
			<xmin>87</xmin>
			<ymin>441</ymin>
			<xmax>290</xmax>
			<ymax>540</ymax>
		</bndbox>
	</object>
	<object>
		<name>Plastic Bottle</name>
		<pose>Unspecified</pose>
		<truncated>0</truncated>
		<difficult>0</difficult>
		<bndbox>
			<xmin>41</xmin>
			<ymin>509</ymin>
			<xmax>242</xmax>
			<ymax>592</ymax>
		</bndbox>
	</object>
</annotation>
