<annotation>
	<folder>61</folder>
	<filename>09_57_10_375.png</filename>
	<path>/Users/lihaoyang/Code/StudyIn2020/courses/机器学习/X-rar annotation/61/09_57_10_375.png</path>
	<source>
		<database>Unknown</database>
	</source>
	<size>
		<width>444</width>
		<height>553</height>
		<depth>3</depth>
	</size>
	<segmented>0</segmented>
	<object>
		<name>Plastic Bottle</name>
		<pose>Unspecified</pose>
		<truncated>0</truncated>
		<difficult>0</difficult>
		<bndbox>
			<xmin>61</xmin>
			<ymin>433</ymin>
			<xmax>190</xmax>
			<ymax>522</ymax>
		</bndbox>
	</object>
</annotation>
