<annotation>
	<folder>61</folder>
	<filename>09_56_22_421.png</filename>
	<path>/Users/lihaoyang/Code/StudyIn2020/courses/机器学习/X-rar annotation/61/09_56_22_421.png</path>
	<source>
		<database>Unknown</database>
	</source>
	<size>
		<width>873</width>
		<height>588</height>
		<depth>3</depth>
	</size>
	<segmented>0</segmented>
	<object>
		<name>Plastic Bottle</name>
		<pose>Unspecified</pose>
		<truncated>0</truncated>
		<difficult>0</difficult>
		<bndbox>
			<xmin>39</xmin>
			<ymin>47</ymin>
			<xmax>244</xmax>
			<ymax>139</ymax>
		</bndbox>
	</object>
</annotation>
