<annotation>
	<folder>61</folder>
	<filename>09_51_40_234.png</filename>
	<path>/Users/lihaoyang/Code/StudyIn2020/courses/机器学习/X-rar annotation/61/09_51_40_234.png</path>
	<source>
		<database>Unknown</database>
	</source>
	<size>
		<width>518</width>
		<height>675</height>
		<depth>3</depth>
	</size>
	<segmented>0</segmented>
	<object>
		<name>Plastic Bottle</name>
		<pose>Unspecified</pose>
		<truncated>0</truncated>
		<difficult>0</difficult>
		<bndbox>
			<xmin>99</xmin>
			<ymin>205</ymin>
			<xmax>296</xmax>
			<ymax>332</ymax>
		</bndbox>
	</object>
</annotation>
